operation,roles,identityName
RemoveRole,Keeper Access,A1189579
RemoveRole,Keeper Access,A1261512
RemoveRole,Keeper Access,A1284359
RemoveRole,Keeper Access,A139091
RemoveRole,Keeper Access,A1473213
RemoveRole,Keeper Access,A1499536
RemoveRole,Keeper Access,A1501002
RemoveRole,Keeper Access,A1514281
RemoveRole,Keeper Access,A1568472
RemoveRole,Keeper Access,A1572891
RemoveRole,Keeper Access,A1579266
RemoveRole,Keeper Access,A1597362
RemoveRole,Keeper Access,A1625010
RemoveRole,Keeper Access,A1636469
RemoveRole,Keeper Access,A275419
RemoveRole,Keeper Access,A3027858
RemoveRole,Keeper Access,A3031699
RemoveRole,Keeper Access,A328150
RemoveRole,Keeper Access,A328372
RemoveRole,Keeper Access,A6000919
RemoveRole,Keeper Access,A6002856
RemoveRole,Keeper Access,A6003834
RemoveRole,Keeper Access,A6005036
RemoveRole,Keeper Access,A6005048
RemoveRole,Keeper Access,A7535624
RemoveRole,Keeper Access,A952873
RemoveRole,Keeper Access,D649070
RemoveRole,Keeper Access,H858599
RemoveRole,Keeper Access,SPMMMH
RemoveRole,Keeper Access,USRTJW
RemoveRole,Keeper Access,A1561060
RemoveRole,Keeper Access,A116269
RemoveRole,Keeper Access,A1238486
RemoveRole,Keeper Access,A1639800
RemoveRole,Keeper Access,A1622244
RemoveRole,Keeper Access,A1622160
RemoveRole,Keeper Access,A1383603
RemoveRole,Keeper Access,A1612938
RemoveRole,Keeper Access,A1625349
RemoveRole,Keeper Access,H629378
RemoveRole,Keeper Access,A1635190
RemoveRole,Keeper Access,A1050597
RemoveRole,Keeper Access,A3033532
RemoveRole,Keeper Access,A1198395
RemoveRole,Keeper Access,A6003504
RemoveRole,Keeper Access,A1398961
RemoveRole,Keeper Access,A1515712
RemoveRole,Keeper Access,A3023449
RemoveRole,Keeper Access,A1431827
RemoveRole,Keeper Access,A308786
RemoveRole,Keeper Access,A6003687
RemoveRole,Keeper Access,A1332897
RemoveRole,Keeper Access,A3029181
RemoveRole,Keeper Access,A1558685
RemoveRole,Keeper Access,A3031164
RemoveRole,Keeper Access,A1639317
RemoveRole,Keeper Access,K310005
RemoveRole,Keeper Access,A7536949
RemoveRole,Keeper Access,A1636470
RemoveRole,Keeper Access,A1549712
RemoveRole,Keeper Access,A031048
RemoveRole,Keeper Access,A1410913
RemoveRole,Keeper Access,A344165
RemoveRole,Keeper Access,A1291982
RemoveRole,Keeper Access,A809669
RemoveRole,Keeper Access,A1324137
RemoveRole,Keeper Access,A1632941
RemoveRole,Keeper Access,A1627010
RemoveRole,Keeper Access,A7536726
RemoveRole,Keeper Access,A1623562
RemoveRole,Keeper Access,A3025106
RemoveRole,Keeper Access,A1626649
RemoveRole,Keeper Access,A1570703
RemoveRole,Keeper Access,A1514320
RemoveRole,Keeper Access,A6002834
RemoveRole,Keeper Access,A1554802
RemoveRole,Keeper Access,A120159
RemoveRole,Keeper Access,A1271933
RemoveRole,Keeper Access,A3031727
RemoveRole,Keeper Access,A6005232
RemoveRole,Keeper Access,A1465708
RemoveRole,Keeper Access,A6000391
RemoveRole,Keeper Access,A1517626
RemoveRole,Keeper Access,A7534231
RemoveRole,Keeper Access,A1259625
RemoveRole,Keeper Access,A924965
RemoveRole,Keeper Access,A6005009
RemoveRole,Keeper Access,A751571
RemoveRole,Keeper Access,A1454458
RemoveRole,Keeper Access,A1514782
RemoveRole,Keeper Access,A1503704
RemoveRole,Keeper Access,A1328061
RemoveRole,Keeper Access,A682601
RemoveRole,Keeper Access,A6003861
RemoveRole,Keeper Access,A6005062
RemoveRole,Keeper Access,A1564507
RemoveRole,Keeper Access,A1631799
RemoveRole,Keeper Access,A6003944
RemoveRole,Keeper Access,A1622239
RemoveRole,Keeper Access,A3036929
RemoveRole,Keeper Access,A7534772
RemoveRole,Keeper Access,A663828
RemoveRole,Keeper Access,A6003214
RemoveRole,Keeper Access,B038210
RemoveRole,Keeper Access,A373581
RemoveRole,Keeper Access,A933617
RemoveRole,Keeper Access,A1503399
RemoveRole,Keeper Access,A6005130
RemoveRole,Keeper Access,A6004442
RemoveRole,Keeper Access,A1459956
RemoveRole,Keeper Access,A088077
RemoveRole,Keeper Access,A1049281
RemoveRole,Keeper Access,A1511185
RemoveRole,Keeper Access,A6004798
RemoveRole,Keeper Access,A1496104
RemoveRole,Keeper Access,A1183794
RemoveRole,Keeper Access,A3033261
RemoveRole,Keeper Access,A1643645
RemoveRole,Keeper Access,A6004268
RemoveRole,Keeper Access,A3025980
RemoveRole,Keeper Access,A3029375
RemoveRole,Keeper Access,A622229
RemoveRole,Keeper Access,A6004238
RemoveRole,Keeper Access,A1633519
RemoveRole,Keeper Access,A6005230
RemoveRole,Keeper Access,A1336380
RemoveRole,Keeper Access,A7500258
RemoveRole,Keeper Access,A1339635
RemoveRole,Keeper Access,A1569057
RemoveRole,Keeper Access,CN1265
RemoveRole,Keeper Access,A1588149
RemoveRole,Keeper Access,A450255
RemoveRole,Keeper Access,A6004021
RemoveRole,Keeper Access,A993607
RemoveRole,Keeper Access,A1634494
RemoveRole,Keeper Access,A1182582
RemoveRole,Keeper Access,A3028317
RemoveRole,Keeper Access,A1261933
RemoveRole,Keeper Access,A1622215
RemoveRole,Keeper Access,A1625353
RemoveRole,Keeper Access,A1636717
RemoveRole,Keeper Access,A1415228
RemoveRole,Keeper Access,A031924
RemoveRole,Keeper Access,A6004564
RemoveRole,Keeper Access,A3032135
RemoveRole,Keeper Access,A1559419
RemoveRole,Keeper Access,A1562486
RemoveRole,Keeper Access,A338140
RemoveRole,Keeper Access,A563213
RemoveRole,Keeper Access,A035765
RemoveRole,Keeper Access,A6004487
RemoveRole,Keeper Access,A3028789
RemoveRole,Keeper Access,A1404965
RemoveRole,Keeper Access,A093692
RemoveRole,Keeper Access,A3035457
RemoveRole,Keeper Access,A3034396
RemoveRole,Keeper Access,A3027233
RemoveRole,Keeper Access,A1189600
RemoveRole,Keeper Access,A6004154
RemoveRole,Keeper Access,A1628102
RemoveRole,Keeper Access,A3025785
RemoveRole,Keeper Access,A1632955
RemoveRole,Keeper Access,A3030740
RemoveRole,Keeper Access,A3030104
RemoveRole,Keeper Access,A1345121
RemoveRole,Keeper Access,A177386
RemoveRole,Keeper Access,D624690
RemoveRole,Keeper Access,A1578309
RemoveRole,Keeper Access,A6001135
RemoveRole,Keeper Access,A349629
RemoveRole,Keeper Access,A1462399
RemoveRole,Keeper Access,A6005173
RemoveRole,Keeper Access,A6004185
RemoveRole,Keeper Access,A1360297
RemoveRole,Keeper Access,A6001796
RemoveRole,Keeper Access,A3024902
RemoveRole,Keeper Access,A1625341
RemoveRole,Keeper Access,A1001181
RemoveRole,Keeper Access,A1450941
RemoveRole,Keeper Access,A3029183
RemoveRole,Keeper Access,A1566430
RemoveRole,Keeper Access,A888925
RemoveRole,Keeper Access,A1393441
RemoveRole,Keeper Access,A1387058
RemoveRole,Keeper Access,A1240244
RemoveRole,Keeper Access,A1000843
RemoveRole,Keeper Access,A1631621
RemoveRole,Keeper Access,A1555914
RemoveRole,Keeper Access,A6004810
RemoveRole,Keeper Access,A7533185
RemoveRole,Keeper Access,A929379
RemoveRole,Keeper Access,A1391420
RemoveRole,Keeper Access,A1117738
RemoveRole,Keeper Access,A1503741
RemoveRole,Keeper Access,A3037284
RemoveRole,Keeper Access,A3008073
RemoveRole,Keeper Access,A1465019
RemoveRole,Keeper Access,A3021646
RemoveRole,Keeper Access,A1190372
RemoveRole,Keeper Access,A1559731
RemoveRole,Keeper Access,A1623775
RemoveRole,Keeper Access,A1080373
RemoveRole,Keeper Access,A1133395
RemoveRole,Keeper Access,A3015730
RemoveRole,Keeper Access,A7536969
RemoveRole,Keeper Access,A6004264
RemoveRole,Keeper Access,A6004237
RemoveRole,Keeper Access,A3026150
RemoveRole,Keeper Access,A3038154
RemoveRole,Keeper Access,A3037782
RemoveRole,Keeper Access,A3037143
RemoveRole,Keeper Access,A3037145
RemoveRole,Keeper Access,A1390476
RemoveRole,Keeper Access,A1273715
RemoveRole,Keeper Access,A1622901
RemoveRole,Keeper Access,A3037142
RemoveRole,Keeper Access,A3037137
RemoveRole,Keeper Access,A1488712
RemoveRole,Keeper Access,A583376
RemoveRole,Keeper Access,A1608458
RemoveRole,Keeper Access,A1630262
RemoveRole,Keeper Access,CLAUDIA.SAUCEDO
RemoveRole,Keeper Access,A3024329
RemoveRole,Keeper Access,A1281649
RemoveRole,Keeper Access,A179922
RemoveRole,Keeper Access,A1578786
RemoveRole,Keeper Access,A1410054
RemoveRole,Keeper Access,A1563056
RemoveRole,Keeper Access,A1569610
RemoveRole,Keeper Access,A1630331
RemoveRole,Keeper Access,A1578015
RemoveRole,Keeper Access,A1292406
RemoveRole,Keeper Access,A1328110
RemoveRole,Keeper Access,A1589764
RemoveRole,Keeper Access,A1625468
RemoveRole,Keeper Access,A582832
RemoveRole,Keeper Access,A1025050
RemoveRole,Keeper Access,A1565390
RemoveRole,Keeper Access,A3037141
RemoveRole,Keeper Access,A1466136
RemoveRole,Keeper Access,A1581400
RemoveRole,Keeper Access,A803931
RemoveRole,Keeper Access,A1564146
RemoveRole,Keeper Access,A1560744
RemoveRole,Keeper Access,A1628418
RemoveRole,Keeper Access,A1446318
RemoveRole,Keeper Access,A1392443
RemoveRole,Keeper Access,A3016430
RemoveRole,Keeper Access,A3027041
RemoveRole,Keeper Access,A7535376
RemoveRole,Keeper Access,A1556630
RemoveRole,Keeper Access,A1504640
RemoveRole,Keeper Access,A1503601
RemoveRole,Keeper Access,A980382
RemoveRole,Keeper Access,A1437931
RemoveRole,Keeper Access,A1506786
RemoveRole,Keeper Access,A1344363
RemoveRole,Keeper Access,A1645066
RemoveRole,Keeper Access,A1390564
RemoveRole,Keeper Access,A1622112
RemoveRole,Keeper Access,A1630531
RemoveRole,Keeper Access,A3034090
RemoveRole,Keeper Access,A542113
RemoveRole,Keeper Access,A6005122
RemoveRole,Keeper Access,A418605
RemoveRole,Keeper Access,A1502615
RemoveRole,Keeper Access,A6001935
RemoveRole,Keeper Access,A1465869
RemoveRole,Keeper Access,A6004726
RemoveRole,Keeper Access,A506335
RemoveRole,Keeper Access,A529887
RemoveRole,Keeper Access,A6003500
RemoveRole,Keeper Access,A1190080
RemoveRole,Keeper Access,A1638038
RemoveRole,Keeper Access,A1337233
RemoveRole,Keeper Access,A1507682
RemoveRole,Keeper Access,A3038524
RemoveRole,Keeper Access,A3033866
RemoveRole,Keeper Access,A1561038
RemoveRole,Keeper Access,A1566547
RemoveRole,Keeper Access,A6004536
RemoveRole,Keeper Access,A6001302
RemoveRole,Keeper Access,A1624191
RemoveRole,Keeper Access,A3033171
RemoveRole,Keeper Access,A7501248
RemoveRole,Keeper Access,A1504892
RemoveRole,Keeper Access,A1644980
RemoveRole,Keeper Access,A3024870
RemoveRole,Keeper Access,A3023132
RemoveRole,Keeper Access,A008839
RemoveRole,Keeper Access,A1327294
RemoveRole,Keeper Access,A1395395
RemoveRole,Keeper Access,A6002302
RemoveRole,Keeper Access,A1575812
RemoveRole,Keeper Access,A328400
RemoveRole,Keeper Access,A1510810
RemoveRole,Keeper Access,A697763
RemoveRole,Keeper Access,A6000488
RemoveRole,Keeper Access,A6004208
RemoveRole,Keeper Access,A6000855
RemoveRole,Keeper Access,A6001679
RemoveRole,Keeper Access,A7534175
RemoveRole,Keeper Access,A3039952
RemoveRole,Keeper Access,A391542
RemoveRole,Keeper Access,X958498
RemoveRole,Keeper Access,A6005010
RemoveRole,Keeper Access,TSMAOA
RemoveRole,Keeper Access,A1623549
RemoveRole,Keeper Access,A1622377
RemoveRole,Keeper Access,A6003750
RemoveRole,Keeper Access,A6004301
RemoveRole,Keeper Access,A6002289
RemoveRole,Keeper Access,A6004549
RemoveRole,Keeper Access,A1437317
RemoveRole,Keeper Access,A3023450
RemoveRole,Keeper Access,A1639936
RemoveRole,Keeper Access,A1576918
RemoveRole,Keeper Access,A1021879
RemoveRole,Keeper Access,A1546383
RemoveRole,Keeper Access,A3037133
RemoveRole,Keeper Access,A7535019
RemoveRole,Keeper Access,A6004609
RemoveRole,Keeper Access,F775161
RemoveRole,Keeper Access,A1177803
RemoveRole,Keeper Access,A6003236
RemoveRole,Keeper Access,A1622734
RemoveRole,Keeper Access,A3014615
RemoveRole,Keeper Access,A3014617
RemoveRole,Keeper Access,A3037139
RemoveRole,Keeper Access,A1622064
RemoveRole,Keeper Access,A1569051
RemoveRole,Keeper Access,A1624010
RemoveRole,Keeper Access,A1630778
RemoveRole,Keeper Access,A888826
RemoveRole,Keeper Access,A1625638
RemoveRole,Keeper Access,A1558968
RemoveRole,Keeper Access,A1292149
RemoveRole,Keeper Access,A3027859
RemoveRole,Keeper Access,A1503328
RemoveRole,Keeper Access,A1634153
RemoveRole,Keeper Access,A6001218
RemoveRole,Keeper Access,A7537073
RemoveRole,Keeper Access,A1641281
RemoveRole,Keeper Access,A6001265
RemoveRole,Keeper Access,A832479
RemoveRole,Keeper Access,A3006407
RemoveRole,Keeper Access,A3037144
RemoveRole,Keeper Access,A3037151
RemoveRole,Keeper Access,A1324980
RemoveRole,Keeper Access,A1632521
RemoveRole,Keeper Access,A3023794
RemoveRole,Keeper Access,A152676
RemoveRole,Keeper Access,A1557594
RemoveRole,Keeper Access,A1507500
RemoveRole,Keeper Access,A3024282
RemoveRole,Keeper Access,A3033556
RemoveRole,Keeper Access,A1096228
RemoveRole,Keeper Access,A3031850
RemoveRole,Keeper Access,A1645789
RemoveRole,Keeper Access,A1453234
RemoveRole,Keeper Access,A1622074
RemoveRole,Keeper Access,A1630716
RemoveRole,Keeper Access,A3033388
RemoveRole,Keeper Access,A1501472
RemoveRole,Keeper Access,A1642657
RemoveRole,Keeper Access,A1512598
RemoveRole,Keeper Access,A1325199
RemoveRole,Keeper Access,A6002043
RemoveRole,Keeper Access,A431433
RemoveRole,Keeper Access,A1075276
RemoveRole,Keeper Access,A3026616
RemoveRole,Keeper Access,A6004937
RemoveRole,Keeper Access,A7501120
RemoveRole,Keeper Access,A1505267
RemoveRole,Keeper Access,A6001574
RemoveRole,Keeper Access,A100116
RemoveRole,Keeper Access,A6004636
RemoveRole,Keeper Access,A1581634
RemoveRole,Keeper Access,A3036831
RemoveRole,Keeper Access,A1576891
RemoveRole,Keeper Access,A3031051
RemoveRole,Keeper Access,A1643498
RemoveRole,Keeper Access,A1330631
RemoveRole,Keeper Access,A1391941
RemoveRole,Keeper Access,A3032804
RemoveRole,Keeper Access,A1628753
RemoveRole,Keeper Access,A3039834
RemoveRole,Keeper Access,A7535695
RemoveRole,Keeper Access,A1630102
RemoveRole,Keeper Access,A6005231
RemoveRole,Keeper Access,A3029357
RemoveRole,Keeper Access,A1544485
RemoveRole,Keeper Access,A1514879
RemoveRole,Keeper Access,A1623845
RemoveRole,Keeper Access,A1584755
RemoveRole,Keeper Access,A3033723
RemoveRole,Keeper Access,A6005043
RemoveRole,Keeper Access,A108554
RemoveRole,Keeper Access,A1627810
RemoveRole,Keeper Access,A1007475
RemoveRole,Keeper Access,A6002411
RemoveRole,Keeper Access,A1388692
RemoveRole,Keeper Access,A3037148
RemoveRole,Keeper Access,A3035692
RemoveRole,Keeper Access,A928523
RemoveRole,Keeper Access,PRDMDG
RemoveRole,Keeper Access,A1335169
RemoveRole,Keeper Access,A3033618
RemoveRole,Keeper Access,A1610406
RemoveRole,Keeper Access,A135353
RemoveRole,Keeper Access,A6001805
RemoveRole,Keeper Access,A1642865
RemoveRole,Keeper Access,A1402753
RemoveRole,Keeper Access,A1465667
RemoveRole,Keeper Access,A1458015
RemoveRole,Keeper Access,A3029358
RemoveRole,Keeper Access,A619156
RemoveRole,Keeper Access,A1565195
RemoveRole,Keeper Access,A6004780
RemoveRole,Keeper Access,A1177664
RemoveRole,Keeper Access,A3019463
RemoveRole,Keeper Access,A3037136
RemoveRole,Keeper Access,A998884
RemoveRole,Keeper Access,A1559036
RemoveRole,Keeper Access,A1501987
RemoveRole,Keeper Access,A1505677
RemoveRole,Keeper Access,A1380298
RemoveRole,Keeper Access,A6004489
RemoveRole,Keeper Access,A6002746
RemoveRole,Keeper Access,A6002772
RemoveRole,Keeper Access,A6004923
RemoveRole,Keeper Access,A1446675
RemoveRole,Keeper Access,A1640417
RemoveRole,Keeper Access,A6005212
RemoveRole,Keeper Access,A216890
RemoveRole,Keeper Access,A1505407
RemoveRole,Keeper Access,A1000003
RemoveRole,Keeper Access,A1583750
RemoveRole,Keeper Access,D274808
RemoveRole,Keeper Access,A3038804
RemoveRole,Keeper Access,A1617280
RemoveRole,Keeper Access,A1628153
RemoveRole,Keeper Access,A7531427
RemoveRole,Keeper Access,A1575162
RemoveRole,Keeper Access,A3031725
RemoveRole,Keeper Access,A1623928
RemoveRole,Keeper Access,A1332204
RemoveRole,Keeper Access,A399774
RemoveRole,Keeper Access,A1325728
RemoveRole,Keeper Access,A3034533
RemoveRole,Keeper Access,A1558433
RemoveRole,Keeper Access,A1569725
RemoveRole,Keeper Access,A1601023
RemoveRole,Keeper Access,A1628756
RemoveRole,Keeper Access,A3034534
RemoveRole,Keeper Access,A1205128
RemoveRole,Keeper Access,A1619826
RemoveRole,Keeper Access,A1019212
RemoveRole,Keeper Access,A1462411
RemoveRole,Keeper Access,A1573753
RemoveRole,Keeper Access,A3041283
RemoveRole,Keeper Access,A1558938
RemoveRole,Keeper Access,A903209
RemoveRole,Keeper Access,A181565
RemoveRole,Keeper Access,A1612935
RemoveRole,Keeper Access,A735404
RemoveRole,Keeper Access,A3042355
RemoveRole,Keeper Access,A1180045
RemoveRole,Keeper Access,A888910
RemoveRole,Keeper Access,A1117717
RemoveRole,Keeper Access,A1556805
RemoveRole,Keeper Access,A1335044
